benchmark,id,question,gold,pred_greedy,pred_cot,pred_qubo,correct_greedy,correct_cot,correct_qubo,runtime_greedy_s,runtime_cot_s,runtime_qubo_s,error
mmlu,0,"Question: Find the degree for the given field extension Q(sqrt(2), sqrt(3), sqrt(18)) over Q.
A. 0
B. 4
C. 2
D. 6
Answer:",B,6,"To determine the degree of the field extension \( \mathbb{Q}(\sqrt{2}, \sqrt{3}, \sqrt{18}) \) over \( \mathbb{Q} \), we need to understand how these elements relate and form a basis.

First, note that:
- \( \sqrt{18} = \sqrt{9 \cdot 2} = 3\sqrt{2} \).

Thus, the field \( \mathbb{Q}(\sqrt{2}, \sqrt{3}, \sqrt{18}) \) is equivalent to \( \mathbb{Q}(\sqrt{2}, \sqrt{3}) \). This is because \( \sqrt{18} \) can be expressed as \( 3\sqrt{2} \), which is already contained within \( \mathbb{Q}(\sqrt{2}, \sqrt{3}) \).

Now, let's consider the minimal polynomial of \( \sqrt{2} \) over \( \mathbb{Q} \):
\[ x^2 - 2 \]
This polynomial is irreducible over \( \mathbb{Q} \) (by Eisenstein's criterion with \( p = 2 \)), so","To determine the degree of the field extension \( \mathbb{Q}(\sqrt{2}, \sqrt{3}, \sqrt{18}) \) over \( \mathbb{Q} \), we need to consider the minimal polynomials of the elements involved and their interactions.

Given:
\[ \sqrt{18} = 3\sqrt{2} \]

This means that \( \sqrt{18} \) is already in the field \( \mathbb{Q}(\sqrt{2}) \). Therefore, the field \( \mathbb{Q}(\sqrt{2}, \sqrt{3}, \sqrt{18}) \) is equivalent to \( \mathbb{Q}(\sqrt{2}, \sqrt{3}) \).

Now, we need to find the degree of the extension \( \mathbb{Q}(\sqrt{2}, \sqrt{3}) \) over \( \mathbb{Q} \).

1. **Degree of \( \mathbb{Q}(\sqrt{2}) \) over \( \mathbb{Q} \)**:
   - The minimal polynomial of \( \sqrt{2} \) over \( \mathbb{Q} \) is \(",0,0,0,0.5251,6.6356,114.3421,
mmlu,1,"Question: Let p = (1, 2, 5, 4)(2, 3) in S_5 . Find the index of <p> in S_5.
A. 8
B. 2
C. 24
D. 120
Answer:",C,60,"To find the index of the subgroup generated by \( p \) in \( S_5 \), we need to determine the order of \( p \) and the order of \( S_5 \).

First, let's find the order of \( p \). The permutation \( p \) is given as:
\[ p = (1, 2, 5, 4)(2, 3) \]

This permutation can be broken down into two disjoint cycles:
- Cycle 1: \( (1, 2, 5, 4) \)
- Cycle 2: \( (2, 3) \)

The order of a permutation is the least common multiple (LCM) of the lengths of its disjoint cycles.

- Length of cycle 1: 4
- Length of cycle 2: 2

Now, calculate the LCM of 4 and 2:
\[ \text{LCM}(4, 2) = 4 \]

Thus, the order of \( p \) is 4.

Next, we need to determine the order of \( S_5 \), which is the symmetric group on 5 elements. The order of \( S_n \) is given by:
\[ |S_n","To find the index of the subgroup generated by \( p \) in \( S_5 \), we need to determine the size of the subgroup \( \langle p \rangle \) and divide it by the size of the entire group \( S_5 \).

We already know from previous steps that the order of \( p \) (the order of the subgroup \( \langle p \rangle \)) is 4. The order of \( S_5 \) is 120.

The index of the subgroup \( \langle p \rangle \) in \( S_5 \) is given by:
\[ \text{Index} = \frac{\text{Order of } S_5}{\text{Order of } \langle p \rangle} = \frac{120}{4} = 30 \]

However, this does not match any of the provided options. Let's recheck the problem statement and the options carefully.

Given the options:
A. 8
B. 2
C. 24
D. 120

It seems there might be a misunderstanding or misinterpretation of the problem. Given the correct calculation, the index should be 30, but since this is not among",0,0,0,0.5251,6.6356,122.7973,
mmlu,2,"Question: Find all zeros in the indicated finite field of the given polynomial with coefficients in that field. x^5 + 3x^3 + x^2 + 2x in Z_5
A. 0
B. 1
C. 0,1
D. 0,4
Answer:",D,"0,1","To find all zeros of the polynomial \( f(x) = x^5 + 3x^3 + x^2 + 2x \) in the finite field \( \mathbb{Z}_5 \), we need to check each element of \( \mathbb{Z}_5 \), which is \( \{0, 1, 2, 3, 4\} \).

We will substitute each value into the polynomial and see if it evaluates to zero.

1. **For \( x = 0 \):**
   \[
   f(0) = 0^5 + 3 \cdot 0^3 + 0^2 + 2 \cdot 0 = 0
   \]
   So, \( x = 0 \) is a root.

2. **For \( x = 1 \):**
   \[
   f(1) = 1^5 + 3 \cdot 1^3 + 1^2 + 2 \cdot 1 = 1 + 3 + 1 + 2 = 7 \equiv 2 \pmod{5}
   \]
   So, \( x = 1 \) is not a root.","To find all zeros of the polynomial \(x^5 + 3x^3 + x^2 + 2x\) in \(\mathbb{Z}_5\), we will continue evaluating each element of \(\mathbb{Z}_5\) as a potential root.

### Step 3: Continue testing the remaining elements

#### Test \(x = 1\):
\[1^5 + 3(1)^3 + 1^2 + 2(1) = 1 + 3 + 1 + 2 = 7\]
Since we are working in \(\mathbb{Z}_5\), reduce 7 modulo 5:
\[7 \mod 5 = 2\]
So, \(1\) is not a root.

#### Test \(x = 2\):
\[2^5 + 3(2)^3 + 2^2 + 2(2)\]
Calculate each term:
\[2^5 = 32\]
\[3(2)^3 = 3 \cdot 8 = 24\]
\[2^2 = 4\]
\[2(2) = 4\]
Now sum them up:
\[32 + 24",0,0,0,0.5251,6.6356,106.2244,
mmlu,3,"Question: Statement 1 | A factor group of a non-Abelian group is non-Abelian. Statement 2 | If K is a normal subgroup of H and H is a normal subgroup of G, then K is a normal subgroup of G.
A. True, True
B. False, False
C. True, False
D. False, True
Answer:",B,C,"To determine the truth values of the given statements, we need to analyze each one individually.

**Statement 1:** ""A factor group of a non-Abelian group is non-Abelian.""

A factor group (or quotient group) \(G/N\) of a group \(G\) with respect to a normal subgroup \(N\) is defined as the set of all cosets of \(N\) in \(G\). The operation in the factor group \(G/N\) is defined as \((aN)(bN) = (ab)N\).

For a factor group \(G/N\) to be non-Abelian, there must exist at least two elements in \(G/N\) that do not commute. However, if \(G\) is non-Abelian, it does not necessarily mean that every factor group \(G/N\) will also be non-Abelian. For example, consider the group \(S_3\) (the symmetric group on three elements), which is non-Abelian. The factor group \(S_3 / \{e, (123)\}\) is isomorphic to \(C_2\) (the cyclic group of order 2), which is Abelian. Therefore, Statement 1 is false.

**Statement","Let's analyze both statements based on the provided reasoning steps:

### Statement 1: ""A factor group of a non-Abelian group is non-Abelian.""
As analyzed, this statement is **False**. We provided a counterexample where \(S_3\) (non-Abelian) has a normal subgroup \(V_4\) such that the factor group \(S_3 / V_4\) is Abelian.

### Statement 2: ""If K is a normal subgroup of H and H is a normal subgroup of G, then K is a normal subgroup of G.""
This statement is **True**. This is a well-known property in group theory known as the transitivity of normal subgroups. If \(K\) is normal in \(H\) and \(H\) is normal in \(G\), then \(K\) is normal in \(G\). This can be proven using the definition of normality and the properties of group actions.

Therefore, the correct answer is:

D. False, True",0,0,0,0.5251,6.6356,93.5251,
mmlu,4,"Question: The access matrix approach to protection has the difficulty that
A. the matrix, if stored directly, is large and can be clumsy to manage
B. it is not capable of expressing complex protection requirements
C. deciding whether a process has access to a resource is undecidable
D. there is no way to express who has rights to change the access matrix itself
Answer:",A,D,"To determine the correct answer, let's analyze each option:

A. **The matrix, if stored directly, is large and can be clumsy to manage**:
   - This is a valid concern because as the number of resources and subjects increases, the size of the access matrix grows exponentially, making it cumbersome to manage.

B. **It is not capable of expressing complex protection requirements**:
   - While this might be true for some systems, the access matrix approach generally allows for complex protection requirements through its structure. It can handle various levels of permissions and conditions.

C. **Deciding whether a process has access to a resource is undecidable**:
   - This is incorrect. The access matrix approach provides clear rules and conditions for determining access, so it is not undecidable.

D. **There is no way to express who has rights to change the access matrix itself**:
   - This is also incorrect. The access matrix approach typically includes mechanisms or policies that allow certain processes to modify the matrix, ensuring that changes are controlled and managed.

Given these analyses, the most accurate statement regarding the difficulties with the access matrix approach is:

#### [answer] A. the matrix, if stored directly, is large and can be clumsy to manage","Based on the detailed analysis provided, the correct difficulty with the access matrix approach to protection is:

A. the matrix, if stored directly, is large and can be clumsy to manage

This option accurately reflects a significant practical challenge with the access matrix approach, particularly when dealing with a large number of subjects and objects.",0,1,1,0.2525,5.9689,91.2118,
mmlu,5,"Question: An integer c is a common divisor of two integers x and y if and only if c is a divisor of x and c is a divisor of y. Which of the following sets of integers could possibly be the set of all common divisors of two integers?
A. {-6,-2, -1, 1, 2, 6}
B. {-6, -2, -1, 0, 1, 2, 6}
C. {-6, -3, -2, -1, 1, 2, 3, 6}
D. {-6, -3, -2, -1, 0, 1, 2, 3, 6}
Answer:",C,D,"To determine which set of integers could possibly be the set of all common divisors of two integers, we need to consider the properties of common divisors.

1. **Divisibility by Zero**: Any number can divide zero (0). Therefore, zero must be included in any set of common divisors.
2. **Negative Numbers**: The set of common divisors includes both positive and negative divisors of the numbers involved. For example, if \(x\) and \(y\) have a common divisor \(d\), then \(-d\) is also a common divisor.
3. **Positive Divisors**: The set should include all positive divisors of the numbers involved. These are the divisors that are greater than or equal to one.

Given these points, let's analyze each option:

- **Option A: {-6, -2, -1, 1, 2, 6}**
  - This set includes negative numbers and positive numbers, but it does not include zero. Since zero is a necessary divisor for any set of common divisors, this option is incorrect.

- **Option B: {-6, -2, -1, 0, 1, 2, 6}**
  - This set includes zero, which","To determine which set of integers could possibly be the set of all common divisors of two integers, let's re-examine the properties of common divisors:

1. **Common Divisor Definition**: An integer \(c\) is a common divisor of two integers \(x\) and \(y\) if and only if \(c\) divides both \(x\) and \(y\).
2. **Divisibility Rules**: For any integer \(c\) to be a common divisor of \(x\) and \(y\), \(c\) must be a divisor of both \(x\) and \(y\). This implies that \(c\) must be a divisor of the greatest common divisor (GCD) of \(x\) and \(y\).

Given this, the set of all common divisors of \(x\) and \(y\) must include all divisors of the GCD of \(x\) and \(y\). Since the GCD can be any integer, the set of all common divisors must include all positive divisors of the GCD, including 1 and -1 (if applicable).

Now, let's evaluate each option:

**Option A: \(\{-6, -2, -1, 1, 2, 6\}\)",0,0,1,0.2525,5.9689,97.4482,
mmlu,6,"Question: In the NoNicks operating system, the time required by a single file-read operation has four nonoverlapping components:
disk seek time-25 msec
disk latency time-8 msec
disk transfer time- 1 msec per 1,000 bytes
operating system overhead-1 msec per 1,000 bytes + 10 msec
In version 1 of the system, the file read retrieved blocks of 1,000 bytes. In version 2, the file read (along with the underlying layout on disk) was modified to retrieve blocks of 4,000 bytes. The ratio of-the time required to read a large file under version 2 to the time required to read the same large file under version 1 is approximately
A. 1:4
B. 1:3.5
C. 1:1
D. 1.1:1
Answer:",B,1:3.5,"To determine the ratio of the time required to read a large file under version 2 to the time required to read the same large file under version 1, we need to calculate the total time for each version and then find their ratio.

### Version 1:
- **Disk Seek Time:** 25 msec
- **Disk Latency Time:** 8 msec
- **Disk Transfer Time:** 1 msec per 1,000 bytes
- **Operating System Overhead:** 1 msec per 1,000 bytes + 10 msec

For a block size of 1,000 bytes:
- Disk Transfer Time = \( \frac{1,000}{1,000} \times 1 \) msec = 1 msec
- Operating System Overhead = \( \frac{1,000}{1,000} \times 1 \) msec + 10 msec = 11 msec

Total Time for Version 1:
\[ \text{Total Time}_{\text{Version 1}} = 25 \text{ msec} + 8 \text{ msec} + 1 \text{ msec} + 11 \text{","To determine the ratio of the time required to read a large file under version 2 to the time required to read the same large file under version 1, let's first calculate the total time for reading a single block in both versions.

### Version 1:
- Disk Seek Time: 25 msec
- Disk Latency Time: 8 msec
- Disk Transfer Time: 1 msec per 1,000 bytes
- Operating System Overhead: 11 msec per block

For a single block of 1,000 bytes:
\[ \text{Total Time}_{\text{version 1}} = 25 \text{ msec} + 8 \text{ msec} + 1 \text{ msec} + 11 \text{ msec} = 45 \text{ msec} \]

### Version 2:
- Disk Seek Time: 25 msec
- Disk Latency Time: 8 msec
- Disk Transfer Time: 1 msec per 4,000 bytes

For a single block of 4,000 bytes:
\[ \text{Total Time}_{\text{version 2}} = 25 \text{ msec} + 8",0,0,0,0.2525,5.9689,99.4647,
mmlu,7,"Question: You want to cluster 7 points into 3 clusters using the k-Means Clustering algorithm. Suppose after the first iteration, clusters C1, C2 and C3 contain the following two-dimensional points: C1 contains the 2 points: {(0,6), (6,0)} C2 contains the 3 points: {(2,2), (4,4), (6,6)} C3 contains the 2 points: {(5,5), (7,7)} What are the cluster centers computed for these 3 clusters?
A. C1: (3,3), C2: (4,4), C3: (6,6)
B. C1: (3,3), C2: (6,6), C3: (12,12)
C. C1: (6,6), C2: (12,12), C3: (12,12)
D. C1: (0,0), C2: (48,48), C3: (35,35)
Answer:",A,C.,"To determine the cluster centers for the given clusters, we need to compute the centroids of each cluster. The centroid is calculated as the mean of all the points in the cluster.

### Cluster C1:
Points: {(0,6), (6,0)}
Centroid = \(\left( \frac{0+6}{2}, \frac{6+0}{2} \right) = (3, 3)\)

### Cluster C2:
Points: {(2,2), (4,4), (6,6)}
Centroid = \(\left( \frac{2+4+6}{3}, \frac{2+4+6}{3} \right) = (4, 4)\)

### Cluster C3:
Points: {(5,5), (7,7)}
Centroid = \(\left( \frac{5+7}{2}, \frac{5+7}{2} \right) = (6, 6)\)

So, the cluster centers computed for these 3 clusters are:
- C1: (3,3)
- C2: (4,4)
- C3: (6,6)

Therefore, the correct answer is:
#### [answer] A.","The correct answer is A. C1: (3,3), C2: (4,4), C3: (6,6).

To clarify, the cluster centers are calculated as the mean of the points in each cluster:

- **Cluster C1** contains the points {(0,6), (6,0)}. The centroid is \((3, 3)\).
- **Cluster C2** contains the points {(2,2), (4,4), (6,6)}. The centroid is \((4, 4)\).
- **Cluster C3** contains the points {(5,5), (7,7)}. The centroid is \((6, 6)\).

These calculations match option A. Therefore, the cluster centers computed for these 3 clusters are:

- C1: (3, 3)
- C2: (4, 4)
- C3: (6, 6)",0,1,1,0.2525,5.9689,107.2095,
mmlu,8,"Question: The quantum efficiency of a photon detector is 0.1. If 100 photons are sent into the detector, one after the other, the detector will detect photons
A. an average of 10 times, with an rms deviation of about 4
B. an average of 10 times, with an rms deviation of about 3
C. an average of 10 times, with an rms deviation of about 1
D. an average of 10 times, with an rms deviation of about 0.1
Answer:",B,10,"To solve this problem, we need to understand the concept of quantum efficiency and how it relates to the number of detected photons.

The quantum efficiency (\(\eta\)) of a photon detector is defined as the probability that a single photon will be detected. In this case, \(\eta = 0.1\).

Given:
- Number of photons sent into the detector, \(N = 100\)
- Quantum efficiency, \(\eta = 0.1\)

### Step-by-Step Calculation

1. **Average Number of Detected Photons**:
   - The average number of photons detected, \(\langle N_{\text{detected}} \rangle\), can be calculated using the formula for the expected value of a binomial distribution:
     \[
     \langle N_{\text{detected}} \rangle = N \cdot \eta
     \]
   - Substituting the given values:
     \[
     \langle N_{\text{detected}} \rangle = 100 \cdot 0.1 = 10
     \]

2. **RMS Deviation**:
   - The RMS (Root Mean Square) deviation for the number of detected photons in a binomial distribution","Given the quantum efficiency of the photon detector is 0.1, and 100 photons are sent into the detector, the correct answer based on the provided options is:

A. an average of 10 times, with an rms deviation of about 4

Let's break down the reasoning:

1. **Average Number of Photons Detected**:
   - As calculated earlier, the average number of photons detected is:
     \[
     \langle n \rangle = N \times \eta = 100 \times 0.1 = 10
     \]

2. **RMS Deviation**:
   - The RMS deviation for a binomial distribution is given by:
     \[
     \sigma = \sqrt{N \times \eta \times (1 - \eta)}
     \]
   - Substituting the given values:
     \[
     \sigma = \sqrt{100 \times 0.1 \times (1 - 0.1)} = \sqrt{100 \times 0.1 \times 0.9} = \sqrt{9} = 3
     \]

Therefore, the detector will detect an average of 10 photons, with",0,0,0,0.2408,5.7434,113.1115,
mmlu,9,"Question: White light is normally incident on a puddle of water (index of refraction 1.33). A thin (500 nm) layer of oil (index of refraction 1.5) floats on the surface of the puddle. Of the following, the most strongly reflected wavelength is
A. 500 nm
B. 550 nm
C. 600 nm
D. 650 nm
Answer:",C,600,"To solve this problem, we need to consider the conditions for constructive interference in the reflected light from the oil layer. The thickness of the oil layer is given as \( d = 500 \, \text{nm} \).

The condition for constructive interference in a thin film (like an oil layer on water) is given by:
\[ 2nd = m\lambda \]
where:
- \( n \) is the index of refraction of the medium (oil),
- \( d \) is the thickness of the film,
- \( m \) is an integer (1, 2, 3, ...),
- \( \lambda \) is the wavelength of light in vacuum.

Given:
- \( n = 1.5 \)
- \( d = 500 \, \text{nm} \)

We can rearrange the equation to solve for the wavelength \( \lambda \):
\[ \lambda = \frac{2nd}{m} \]

For constructive interference, \( m \) must be an integer. Let's calculate the wavelengths for different values of \( m \):

1. For \( m = 1 \):
\[ \lambda = \frac{2 \times 1.5 \times 5","To determine which wavelength is most strongly reflected, we need to apply the Bragg condition for constructive interference. Given the conditions:

- The index of refraction of the air (n1) is approximately 1.
- The index of refraction of the oil (n2) is 1.5.
- The thickness of the oil layer (d) is 500 nm.
- The wavelength in the oil (λ2) needs to be calculated using the formula \( \lambda_2 = \frac{c}{f} \), where \( c \) is the speed of light in vacuum and \( f \) is the frequency of the light.

However, since we are dealing with the Bragg condition, we use the relationship involving the refractive indices and the thickness of the film:

\[ n_2 \sin(\theta_i) = m \lambda_2 \]

For normal incidence (\( \theta_i = 0^\circ \)), \( \sin(\theta_i) = 0 \), but this doesn't help directly. Instead, we consider the phase change upon reflection at the air-oil interface. For a phase change of \( \pi \) radians (or half-wavelength), the constructive interference occurs when:

\[ \",0,0,0,0.2408,5.7434,102.5278,
mmlu,10,"Question: Which of the following is true about any system that undergoes a reversible thermodynamic process?
A. There are no changes in the internal energy of the system.
B. The temperature of the system remains constant during the process.
C. The entropy of the system and its environment remains unchanged.
D. The entropy of the system and its environment must increase.
Answer:",C,C,"To determine which statement is true for any system undergoing a reversible thermodynamic process, let's analyze each option:

A. **There are no changes in the internal energy of the system.**
   - This is not necessarily true. In a reversible process, the internal energy can change, but it does so in such a way that the system and surroundings remain at equilibrium throughout the process.

B. **The temperature of the system remains constant during the process.**
   - This is also not necessarily true. A reversible process can involve changes in temperature, but these changes occur infinitesimally slowly, ensuring that the temperature remains constant.

C. **The entropy of the system and its environment remains unchanged.**
   - This is not true for a general reversible process. Entropy can change in a reversible process, but it does so in a manner that ensures the total entropy of the universe (system + surroundings) remains constant.

D. **The entropy of the system and its environment must increase.**
   - This is false because a reversible process does not necessarily lead to an increase in entropy. In fact, for a reversible process, the total entropy of the universe can remain constant or even decrease if the process involves a transfer of heat from a colder body to a hotter one","Let's evaluate each statement based on the reasoning provided:

A. **There are no changes in the internal energy of the system.**
   - As discussed, this is incorrect because even in a reversible process, the internal energy of the system can still change. 

B. **The temperature of the system remains constant during the process.**
   - This is not universally true for all reversible processes. While it is true for certain types of reversible processes like isothermal processes, it is not a general characteristic of all reversible processes.

C. **The entropy of the system and its environment remains unchanged.**
   - This is also not universally true. In a reversible process, the entropy of the system and its surroundings can remain unchanged, but it is not a necessary condition for reversibility. Reversible processes can occur where entropy changes, as long as they are done infinitesimally slowly.

D. **The entropy of the system and its environment must increase.**
   - This is incorrect. In a reversible process, the total entropy of the universe (system + surroundings) can remain constant or decrease, depending on the specific process. For example, an adiabatic reversible process (no heat exchange with the surroundings) can be reversible but does not necessarily lead to an",1,0,0,0.2408,5.7434,99.8209,
mmlu,11,"Question: The best type of laser with which to do spectroscopy over a range of visible wavelengths is
A. a dye laser
B. a helium-neon laser
C. an excimer laser
D. a ruby laser
Answer:",A,A,"To determine the best type of laser for spectroscopy over a range of visible wavelengths, we need to consider the spectral characteristics and operational range of each option.

A. **Dye Laser**: Dye lasers can produce a broad spectrum of light, including visible wavelengths, but they have limited tuning capabilities and typically operate within a narrow wavelength range. They are not ideal for spectroscopy over a wide range of visible wavelengths.

B. **Helium-Neon (He-Ne) Laser**: He-Ne lasers emit light at a single wavelength (632.8 nm), making them unsuitable for spectroscopy over a range of visible wavelengths.

C. **Excimer Laser**: Excimer lasers emit light at specific wavelengths that correspond to the excitation energies of certain molecular species. While they can be tuned to specific wavelengths, they are not generally used for spectroscopy over a broad range of visible wavelengths.

D. **Ruby Laser**: Ruby lasers emit light at a single wavelength (694.3 nm), which is outside the visible spectrum. Therefore, they are not suitable for visible spectroscopy.

Given these considerations, none of the options listed are ideal for spectroscopy over a range of visible wavelengths. However, if we must choose from the given options, the closest","Based on the reasoning steps provided:

- **Dye Laser (Option A)**: Versatile for a broad range of wavelengths but has limited tuning range and stability.
- **Helium-Neon Laser (Option B)**: Produces a narrow spectral line centered around 632.8 nm and is not suitable for spectroscopy over a wide range of visible wavelengths.
- **Excimer Laser (Option C)**: Can be tailored to cover specific wavelengths, potentially fitting the requirement for a range of visible wavelengths.

Given these points, the best option for performing spectroscopy over a range of visible wavelengths would be the **Dye Laser (Option A)**.

Therefore, the correct answer is:
A. a dye laser",1,1,1,0.2408,5.7434,93.4269,
mmlu,12,"Question: The Barkhausen criterion for an oscillator
A. Loop gain should be unity
B. Loop gain should be less than unity
C. The phase of a feedback signal with respect to input should be 0° or 360°
D. Both A and C
Answer:",D,4,"To determine the correct answer, we need to understand the Barkhausen criterion for an oscillator.

The Barkhausen criterion states that for an oscillator to sustain oscillations, two conditions must be met:
1. The loop gain (the product of the forward path gain and the feedback factor) must be equal to 1.
2. The phase shift around the loop must be an integer multiple of 360 degrees (or 0 degrees).

Given these points, let's analyze each option:

A. Loop gain should be unity.
- This is correct according to the first condition of the Barkhausen criterion.

C. The phase of a feedback signal with respect to input should be 0° or 360°.
- This is correct according to the second condition of the Barkhausen criterion.

D. Both A and C.
- Since both A and C are individually correct based on the Barkhausen criterion, this statement is also correct.

Therefore, the correct answer is:

#### [answer] D","The correct answer according to the Barkhausen criterion is:

D. Both A and C

Explanation:
- **Option A (Loop gain should be unity)**: This is a fundamental part of the Barkhausen criterion. For an oscillator to exist, the loop gain must be exactly unity.
- **Option C (The phase of a feedback signal with respect to input should be 0° or 360°)**: This is another critical condition. The phase shift between the input and output signals must be either 0° or 360° for the feedback to be constructive.

Both conditions must be satisfied simultaneously for an oscillator to function properly. Therefore, the correct answer is D. Both A and C.",0,0,1,0.2319,5.2409,90.5657,
mmlu,13,"Question: Potentiometer method of DC voltage measurement is more accurate than direct measurement using a voltmeter because
A. It loads the circuit moderately.
B. It loads the circuit to maximum extent.
C. It uses centre zero galvanometer instead of voltmeter.
D. It does not load the circuit at all.
Answer:",D,D.,"To determine which option best explains why the potentiometer method of DC voltage measurement is more accurate than direct measurement using a voltmeter, we need to understand the principles behind both methods.

1. **Potentiometer Method**:
   - The potentiometer method involves balancing the unknown voltage across a known resistance (potentiometer) and comparing it with a reference voltage.
   - This method minimizes the effect of the measuring instrument on the circuit being measured, as it does not directly connect the voltmeter to the circuit.

2. **Voltmeter Method**:
   - A voltmeter measures the voltage across a component by connecting it directly across the voltage source.
   - When a voltmeter is connected to a circuit, it introduces a significant load, which can affect the readings due to the internal resistance of the voltmeter.

Now let's analyze each option:

A. **It loads the circuit moderately.**
   - This is incorrect because the voltmeter method actually loads the circuit significantly, affecting the readings.

B. **It loads the circuit to maximum extent.**
   - This is correct. The voltmeter method loads the circuit to its maximum extent, which can lead to inaccuracies in the measurement.

C. **It uses","The correct answer is:

A. It loads the circuit moderately.

This aligns with the analysis that a moderate circuit loading is beneficial and does not significantly affect the accuracy of the measurement, unlike excessive loading which can introduce significant errors.",1,0,0,0.2319,5.2409,92.1086,
mmlu,14,"Question: Which of these sets of logic gates are designated as universal gates?
A. NOR, NAND.
B. XOR, NOR, NAND.
C. OR, NOT, AND.
D. NOR, NAND, XNOR.
Answer:",A,A,"To determine which set of logic gates is designated as universal gates, we need to understand what it means for a set of gates to be universal. A set of logic gates is considered universal if they can be used to implement any other logic gate and thus can simulate any Boolean function.

The two most commonly known universal gate sets are:
1. **NAND** and **NOR** gates.
2. **XOR** and **NAND** gates.

Let's analyze each option:

#### Option A: NOR, NAND
- **NOR** and **NAND** gates together are universal because any other logic gate can be implemented using only these two gates. For example, an **OR** gate can be constructed using **NAND** gates, and an **AND** gate can be constructed using **NOR** gates. Therefore, this set is universal.

#### Option B: XOR, NOR, NAND
- While **NOR** and **NAND** gates are universal, adding **XOR** does not make the set universal. The **XOR** gate cannot be directly implemented using just **NOR** or **NAND** gates alone. Thus, this set is not universal.

#### Option C: OR, NOT, AND
- This","To determine which set of logic gates are designated as universal gates, let's review the analysis step-by-step:

### Analysis:
1. **Option A: NOR, NAND**
   - **NOR Gate**: Universal gate. Can simulate OR, AND, and NOT gates.
   - **NAND Gate**: Universal gate. Can simulate OR, AND, and NOT gates.
   - Since both NOR and NAND gates are universal, this combination is correct.

2. **Option B: XOR, NOR, NAND**
   - **XOR Gate**: Not a universal gate. Cannot be used to create all other logical functions without additional gates.
   - **NOR Gate**: Universal gate. Can simulate OR, AND, and NOT gates.
   - **NAND Gate**: Universal gate. Can simulate OR, AND, and NOT gates.
   - Since XOR is not a universal gate, this combination does not meet the criteria.

3. **Option C: OR, NOT, AND**
   - **OR Gate**: Universal gate. Can simulate AND, NOT, and other functions.
   - **NOT Gate**: Universal gate. Can simulate OR, AND, and other functions.
   - **AND Gate**: Universal gate. Can simulate OR, NOT, and other functions.",1,1,1,0.2319,5.2409,93.395,
mmlu,15,"Question: A single phase one pulse controlled circuit has a resistance R and counter emf E load 400 sin(314 t) as the source voltage. For a load counter emf of 200 V, the range of firing angle control is
A. 30° to 150°.
B. 30° to 180°.
C. 60° to 120°.
D. 60° to 180°.
Answer:",A,60° to 120°.,"To solve this problem, we need to understand the behavior of a single-phase one-pulse controlled rectifier with a resistive-inductive (RL) load. The firing angle (\(\alpha\)) controls the amount of reactive power supplied to the load.

Given:
- Source voltage \(V_s = 400 \sin(314t)\)
- Load counter EMF \(E_L = 200 \sin(314t)\)

The output voltage \(V_o\) of the rectifier can be expressed as:
\[ V_o = V_s - E_L \]
\[ V_o = 400 \sin(314t) - 200 \sin(314t) \]
\[ V_o = 200 \sin(314t) \]

For a single-phase one-pulse controlled rectifier, the output voltage \(V_o\) can also be expressed as:
\[ V_o = V_m \sin(\omega t - \alpha) \]
where \(V_m\) is the peak value of the output voltage and \(\alpha\) is the firing angle.

From the given information, we know that:
\[ V_m = 200 \text{ V","To determine the correct range of firing angles for the given single-phase, one-pulse controlled circuit, let's revisit the analysis step-by-step:

### Analysis Recap:
1. **Source Voltage**: \( V_{source} = 400 \sin(314t) \)
2. **Counter EMF (Load Counter-E.M.F.)**: \( V_{counter} = 200 \sin(314t) \)
3. **Output Voltage for Purely Resistive Load**: \( V_{out} = V_{source} - V_{counter} = 400 - 200 = 200V \)

### Firing Angle Control:
In a single-phase, one-pulse controlled rectifier with a purely resistive load, the output voltage is influenced by the firing angle (\(\alpha\)). The firing angle determines the portion of the AC cycle that is allowed to pass through the diode before it is cut off.

The output voltage \( V_{out} \) can be expressed as:
\[ V_{out} = V_{source} \cdot \cos(\alpha) \]
Given \( V_{source} = 400 \), we have:
\[ V_{out}",0,1,1,0.2319,5.2409,95.209,
mmlu,16,"Question: Statement 1| Linear regression estimator has the smallest variance among all unbiased estimators. Statement 2| The coefficients α assigned to the classifiers assembled by AdaBoost are always non-negative.
A. True, True
B. False, False
C. True, False
D. False, True
Answer:",D,C,"To determine the correctness of each statement, we need to analyze them individually.

**Statement 1:** ""Linear regression estimator has the smallest variance among all unbiased estimators.""

This statement is **False**. While linear regression estimators are unbiased and have desirable properties, they do not necessarily have the smallest variance among all unbiased estimators. In fact, for certain types of data or models, other estimators might have smaller variances. For example, if the true relationship between variables is highly nonlinear, a linear regression model would likely have higher variance compared to a more complex model that fits the data better.

**Statement 2:** ""The coefficients α assigned to the classifiers assembled by AdaBoost are always non-negative.""

This statement is **False**. The coefficients (or weights) \(\alpha_i\) in AdaBoost can be positive or negative. AdaBoost assigns weights to each classifier based on its performance during the training process. If a classifier performs poorly, its weight \(\alpha_i\) will be negative, indicating that it should be given less importance in the final prediction. Therefore, the coefficients \(\alpha\) are not always non-negative.

#### [answer] D","Based on the analysis provided, the correct answers are:

- Statement 1 is true.
- Statement 2 is false.

Therefore, the correct answer is:

D. False, True",0,0,1,0.1814,4.9251,87.7541,
mmlu,17,"Question: Statement 1| RoBERTa pretrains on a corpus that is approximate 10x larger than the corpus BERT pretrained on. Statement 2| ResNeXts in 2018 usually used tanh activation functions.
A. True, True
B. False, False
C. True, False
D. False, True
Answer:",C,D,"To determine the accuracy of each statement, we need to verify the details provided.

**Statement 1:** RoBERTa pretrains on a corpus that is approximately 10x larger than the corpus BERT pretrained on.

- RoBERTa (Robustly Optimized BERT Pretraining Approach) indeed uses a larger training corpus compared to BERT. The exact size difference can vary, but it is generally true that RoBERTa uses a much larger dataset for pretraining, often around 10 times larger than the one used for BERT.
  
So, **Statement 1 is True**.

**Statement 2:** ResNeXts in 2018 usually used tanh activation functions.

- ResNeXt models, introduced in 2016, typically use ReLU (Rectified Linear Unit) as their activation function rather than tanh. The tanh function is not commonly used in modern deep learning architectures due to its limitations and the fact that ReLU has been shown to perform better in many scenarios.

So, **Statement 2 is False**.

Therefore, the correct answer is:
#### [C. True, False]","Based on the analysis provided:

- Statement 1 is true.
- Statement 2 is false.

Therefore, the correct answer is:

C. True, False",0,0,1,0.1814,4.9251,84.4293,
mmlu,18,"Question: Statement 1| Support vector machines, like logistic regression models, give a probability distribution over the possible labels given an input example. Statement 2| We would expect the support vectors to remain the same in general as we move from a linear kernel to higher order polynomial kernels.
A. True, True
B. False, False
C. True, False
D. False, True
Answer:",B,C,"To determine the correctness of each statement, let's analyze them one by one.

**Statement 1:** Support vector machines (SVMs) give a probability distribution over the possible labels given an input example.

- **Support Vector Machines (SVMs):** SVMs are primarily used for classification tasks and do not inherently output probabilities. They find the hyperplane that maximizes the margin between different classes. However, they can be used with certain techniques such as Platt scaling or sigmoid functions to convert their decision scores into probabilities. But this is not a direct output of the SVM itself.
- **Logistic Regression Models:** Logistic regression directly outputs a probability distribution over the possible labels given an input example. It uses the logistic function to map the linear combination of inputs to a probability value between 0 and 1.

Since SVMs do not directly give a probability distribution, Statement 1 is **False**.

**Statement 2:** We would expect the support vectors to remain the same in general as we move from a linear kernel to higher order polynomial kernels.

- **Linear Kernel:** In a linear kernel, the decision boundary is a straight line (or hyperplane in higher dimensions). The support vectors are those data points that lie on the margin or are closest to the decision","Based on the reasoning provided:

- Statement 1 is False because SVMs do not inherently provide probability estimates; they need post-hoc methods like Platt scaling or sigmoid functions to convert their outputs into probabilities.
- Statement 2 is False because support vectors change when moving from a linear kernel to a higher-order polynomial kernel due to the transformation of the feature space.

Therefore, the correct answer is:

D. False, True",0,0,0,0.1814,4.9251,88.7102,
mmlu,19,"Question: A machine learning problem involves four attributes plus a class. The attributes have 3, 2, 2, and 2 possible values each. The class has 3 possible values. How many maximum possible different examples are there?
A. 12
B. 24
C. 48
D. 72
Answer:",D,48,"To determine the maximum number of different examples for this machine learning problem, we need to consider all the attributes and their respective possible values.

- The first attribute has 3 possible values.
- The second attribute has 2 possible values.
- The third attribute has 2 possible values.
- The fourth attribute has 2 possible values.
- The class has 3 possible values.

The total number of different examples is calculated by multiplying the number of possible values for each attribute together. This is because each combination of attribute values represents a unique example.

So, the calculation is as follows:
\[ 3 \times 2 \times 2 \times 2 \times 3 = 72 \]

Therefore, the maximum number of different examples is:
#### [D. 72]","To determine the maximum number of different possible examples, we need to consider all the attributes and their respective possible values, including the class.

Given:
- Four attributes with 3, 2, 2, and 2 possible values each.
- One class attribute with 3 possible values.

The total number of different possible examples can be calculated by multiplying the number of possible values for each attribute together:

\[ 3 \times 2 \times 2 \times 2 \times 3 \]

Let's compute this step-by-step:

1. Multiply the values of the first three attributes:
   \[ 3 \times 2 = 6 \]
   \[ 6 \times 2 = 12 \]
   \[ 12 \times 2 = 24 \]

2. Now, multiply the result by the number of possible values for the class:
   \[ 24 \times 3 = 72 \]

Therefore, the maximum number of different possible examples is:

\[ \boxed{72} \]

So, the correct answer is D. 72.",0,0,1,0.1814,4.9251,99.9721,
